{
  "images": [
    {
      "filename": "icon-20@2x.png",
      "idiom": "iphone",
      "scale": "2x",
      "size": "20x20"
    },
    {
      "filename": "icon-20@3x.png",
      "idiom": "iphone",
      "scale": "3x",
      "size": "20x20"
    },
    {
      "filename": "icon-29@2x.png",
      "idiom": "iphone",
      "scale": "2x",
      "size": "29x29"
    },
    {
      "filename": "icon-29@3x.png",
      "idiom": "iphone",
      "scale": "3x",
      "size": "29x29"
    },
    {
      "filename": "icon-40@2x.png",
      "idiom": "iphone",
      "scale": "2x",
      "size": "40x40"
    },
    {
      "filename": "icon-40@3x.png",
      "idiom": "iphone",
      "scale": "3x",
      "size": "40x40"
    },
    {
      "filename": "icon-60@2x.png",
      "idiom": "iphone",
      "scale": "2x",
      "size": "60x60"
    },
    {
      "filename": "icon-60@3x.png",
      "idiom": "iphone",
      "scale": "3x",
      "size": "60x60"
    },
    {
      "filename": "icon-1024.png",
      "idiom": "ios-marketing",
      "scale": "1x",
      "size": "1024x1024"
    }
  ],
  "info": {
    "author": "xcode",
    "version": 1
  }
}
